{
  "date": "2020-07-24T19:01:15.810Z",
  "title": "3 Passos Para Ganho de Massa Muscular ",
  "meta_title": "3 Passos Para Ganho de Massa Muscular ",
  "body": "[![](https://1.bp.blogspot.com/-KVyUlsI5HIg/XUzlZYEVeOI/AAAAAAAAAIg/eku8Tcq7zZsMXwzB6jjj-FUMHxSn-XGhwCLcBGAs/s640/FOTO%2BBLOG.jpg)](https://www.blogger.com/u/5/blog/post/edit/6016093249806810495/4508364030696209705?hl=pt-BR#)\\\nPor [Janderson Belinato](https://www.instagram.com/jandersonbelinato/), parceiro Strong Nutrition\n\nEsse post faz parte da nossa Quinta da Dica Strong Nutrition, acompanhem pelo instagram nossas dicas semanais com profissionais da área de saúde!\n\n> Fala galerinha bonita, tudo bem com vocês? Conheça 3 passos para o ganho de massa muscular e o que é necessário dentro de cada um deles. Vamos lá?\n\n\n\n![](https://1.bp.blogspot.com/-mBe0df7mWyM/XU2HnpELRVI/AAAAAAAAAI4/tKQHboPheEERVbN_a_TNRDyTnR7_JGK2ACLcBGAs/s640/foto%2Bblog%2B2.jpg)\n\n**Passo 1**\nO 1º passo para ter sucesso no ganho de massa muscular é a dieta, ou seja, ter uma boa alimentação. É comum a gente pensar que já sabemos nos alimentar, não é mesmo?\n\nMas quando começamos um programa de exercícios, a nossa demanda energética muda de acordo com o mecanismo energético do qual precisamos.\n\nPor isso é necessário um bom profissional juntamente com um plano alimentar individualizado, assim conseguimos atingir nossos objetivos com relação ao nosso corpo.\n\nEntão se você ainda não tem um nutricionista, procure! É fundamental que a sua dieta esteja balanceada e calculada de acordo com o seu gasto calórico diário. \n\nPor exemplo, se você tiver um déficit calórico, dificilmente você conseguirá ganhar massa muscular, já com um superávit calórico você ganhará gordura ao invés da massa muscular, então ela precisa ser balanceada de acordo os seus objetivos e só um profissional de nutrição está habilitado a prescrever uma dieta individualizada para você!\n\n![](https://1.bp.blogspot.com/-eKpJkb4iVqA/XU2Hu1S7ayI/AAAAAAAAAI8/046qDg7Q2G0h5XAr_4ch5_aNIkMTyHoZACLcBGAs/s640/foto%2Bblog%2B3.png)\n\n**Passo 2**\nO 2º passo para o ganho da massa muscular é o treino personalizado de acordo com o seu objetivo, não adianta copiar o que o coleguinha faz ou ficar com o mesmo treino por muito tempo. \n\nO nosso corpo se acostuma com todos os estímulos que são dados, sendo assim, precisamos dar novos estímulos sempre para que consigamos estimular nossa musculatura e assim aumentar a nossa massa muscular, certo?\n\nO profissional indicado para isso é o Educador Físico! Ele é quem vai planejar o seu treino dentro de um ciclo, não planejando apenas para dois ou três meses, mas sim ao longo prazo adaptando sempre as necessidades de cada indivíduo.\n\n![](https://1.bp.blogspot.com/-d05JjpRp6CE/XU2H1SfQ_aI/AAAAAAAAAJA/AlHgucfytWIh_PRRmDnU_q4SdQxjjyIqgCLcBGAs/s640/foto%2Bblog%2B4.jpg)\n\n**Passo 3**\nO 3º passo, mas nem menos importante é descanso. Poucas pessoas se preocupam com esse passo, mas ele é fundamental. Uma pessoa que dorme mal, que não consegue descansar, vive estressada, tende a render menos tanto em suas refeições, quanto no treino, assim o corpo não consegue atingir o objetivo desejado e planejado.\n\nO corpo necessita de descanso para recuperação celular. Por exemplo, se você treina membros inferiores na segunda, terça, quarta, quinta, sexta e sábado, mesmo que com uma divisão dos músculos, qual descanso você está dando à sua musculatura? \n\nComo essa musculatura vai recuperar os nutrientes necessários as células para que elas se curem e depois aumente a massa muscular? Não tem como!\n\nÉ por isso que o seu treino precisa ser bem planejado para que todas as suas musculaturas descansem ocasionando assim o ganho da massa muscular. \n\nIsso serve para todas as musculaturas do nosso corpo, existem exercícios que trabalham vários músculos simultaneamente, peito, ombro, bíceps, tríceps, será que esse exercícios estão bem colocados dentro da sua rotina de treino? \n\nVocê pode está fazendo exercícios que exigem da mesma musculatura durante dois ou três dias e isso pode atrapalhar o seu desenvolvimento na academia, no crossfit ou qualquer que seja a atividade que você esteja desempenhando.\n\n**Conclusão:**\n\nPara ter bons resultados são necessárias à ajuda de bons profissionais, cada um em sua área, Educadores Físicos e Nutricionistas. \n\nDepois de passar por esses profissionais não esqueça! Descanse! E claro, a Suplementação Esportiva também faz parte desse processo e pode deixar sua rotina mais gostosa e prática!\n\n![](https://1.bp.blogspot.com/-whDMXAcFhAg/XU2Iw_yaHTI/AAAAAAAAAJU/2Ofse9ix3kUeHZ_42ZlGbM6SIvt2rCuWQCLcBGAs/s640/FOTO%2BBLOG.jpg)\n\nAinda não tem um treino individualizado? [Clica aqui.](https://www.instagram.com/jandersonbelinato/)\n\nDieta na mão? Vamos garantir desconto em toda linha de Suplementação?\n[Clique AQUI](https://www.strongnutrition.com.br/pages/cupom-de-desconto), e ganhe desconto no nosso site.\n\nDeixe seu comentário em caso de dúvidas e faremos o possível para te ajudar. \nPara mais conteúdo e dicas sigam nossas [redes sociais.](https://www.instagram.com/strong_nutrition/)",
  "description": "Fala galerinha bonita, tudo bem com vocês? Conheça 3 passos para o ganho de massa muscular e o que é necessário dentro de cada um deles. Vamos lá?",
  "meta_description": "Fala galerinha bonita, tudo bem com vocês? Conheça 3 passos para o ganho de massa muscular e o que é necessário dentro de cada um deles. Vamos lá?",
  "thumbnail": "/img/uploads/definicao.jpg"
}