{
  "date": "2020-07-29T13:22:46.459Z",
  "title": "5 Dicas para um Emagrecimento Eficiente",
  "meta_title": "5 Dicas para um Emagrecimento Eficiente",
  "body": "[![](https://1.bp.blogspot.com/-6cnMhcSucBk/XVNauoejEMI/AAAAAAAAAJ0/TxYzamTP5KgWp4PkgIuh9IGa1MoU1NfFACLcBGAs/s640/emagrecimento-plano-4-semanas-0716-1260x700.jpg)](https://www.blogger.com/u/5/blog/post/edit/6016093249806810495/4867404438929311355#)\n\nPor [Manoela Ribeiro Nutricionista](https://www.instagram.com/manoelaribeironutricionista/), parceira Strong Nutrition \n\nEsse post faz parte da nossa **Segunda da Nutri Strong Nutrition**, acompanhem pelo [instagram ](https://www.instagram.com/strong_nutrition/?hl=pt-br)nossas dicas semanais com profissionais da área de saúde!\n\n> Tudo bem com vocês? Esse é o primeiro texto do meu quadro semanal aqui na página da Strong! Toda semana eu vou falar um pouco sobre nutrição com vocês! Meu nome é Manoela Ribeiro, sou nutricionista, especialista em Nutrição Esportiva, prescrição de Fitoterápicos e Emagrecimento. Hoje nosso tema é 5 Passos para você ter um Emagrecimento Eficiente, vamos lá ?\n\n[![](https://1.bp.blogspot.com/-HQAFSYBfZ9Y/XVNd7OIK1KI/AAAAAAAAAKM/023hPdwcWK4uVw-BhW7jXamZPStOFI5GQCLcBGAs/s400/hidrate%2Bse.jpg)](https://www.blogger.com/u/5/blog/post/edit/6016093249806810495/4867404438929311355#)\n\n**1º Passo – Hidrate-se!**\n\nJá se hidratou hoje? Vamos beber água gente! Beber água é importantíssimo para hidratação do nosso corpo e também para melhorar nossa saciedade! Isso mesmo, as vezes o nosso estômago faz movimentemos peristálticos semelhantes ao da fome só que na verdade não é fome, é sede. Então se mantenha hidratado, isso faz super bem\n\n[![](https://1.bp.blogspot.com/-I5cyDqN8yuA/XVNeZJSqt6I/AAAAAAAAAKU/wCK5f3sWFlYGOkCB7obfJHyugv1shca1QCLcBGAs/s400/bacterias-intestino-28042018210832661.jpeg)](https://www.blogger.com/u/5/blog/post/edit/6016093249806810495/4867404438929311355#)\n\n**2º Passo – Saúde Intestinal!**\n\nComo está o seu intestino? Ele está funcionando bem? Quantas vezes por semana você vai ao banheiro? Isso é muito importante! A funcionalidade do intestino está totalmente interligado ao emagrecimento, então vamos tentar melhorar a funcionalidade desse intestino hein? Não sabe como? Procure um profissional! \n\n[![](https://1.bp.blogspot.com/-LHgKMcdEKrk/XVNe7WOOCoI/AAAAAAAAAKg/NICPMNt38ist6QiO4sd9ipPnS2M-6oqJwCLcBGAs/s400/light.jpg)](https://www.blogger.com/u/5/blog/post/edit/6016093249806810495/4867404438929311355#)\n\n**3º Passo – Nem tudo é o que parece!**\n\nVocê costuma chegar no mercado e comprar tudo que é light ou diet? Errado! A gente precisa prestar muito atenção aos rótulos, nem sempre o que é diet ou light é saudável! A indústria está o tempo inteiro tentando enganar as pessoas com alimentos diet e light que na verdade estão cheios de conservantes e sódio, o que vai te com certeza atrapalhar o seu emagrecimento. \n\n[![](https://1.bp.blogspot.com/-qcjymRFvAAQ/XVNgNbY2YLI/AAAAAAAAAK4/JU7tmWaRuXkGMS7jrMQN_jVVjW2UtJrrwCLcBGAs/s400/comer.jpg)](https://www.blogger.com/u/5/blog/post/edit/6016093249806810495/4867404438929311355#)\n\n**4º Passo – Coma!**\n\nMuita gente fica sem comer, não é? Acha que para emagrecer temos que parar de comer. Esse pensamento é errado, pelo contrário, nós precisamos nos alimentar para estimular nosso metabolismo, mas claro, temos que nos alimentar de forma correta. \n\n[![](https://1.bp.blogspot.com/-XRajtKUPC7Q/XVNgbtMnIZI/AAAAAAAAAK8/J-dAr-vZgUk7FpqJYud6vByVl1G2RmfqgCLcBGAs/s400/nutricionista-6.jpg)](https://www.blogger.com/u/5/blog/post/edit/6016093249806810495/4867404438929311355#)\n\n**5º e ultimo passo – Procure um Profissional!**\n\nPara se alimentar de forma correta, tudo bonitinho e de acordo as suas necessidades, precisamos de um [acompanhamento nutricional](https://www.instagram.com/manoelaribeironutricionista/) , isso envolve além do profissional [nutricionista](https://www.instagram.com/manoelaribeironutricionista/), um acompanhamento médico e toda uma equipe multidisciplinar. \n\nGostaram? Espero que esses sejam 5 passos de sucesso para o seu emagrecimento! \n\nAinda não tem um acompanhamento nutricional? [Clica aqui. ](https://www.instagram.com/manoelaribeironutricionista/)\n\nDieta na mão? Vamos garantir desconto em toda linha de [Suplementação](https://strongnutrition.com.br/emagrecedores/)? Clique [AQUI](https://www.strongnutrition.com.br/pages/cupom-de-desconto), e ganhe desconto no nosso [site](https://www.strongnutrition.com.br/pages/cupom-de-desconto). \n\n[![](https://1.bp.blogspot.com/-3QG-cr7jwdo/XVNgt1cKAWI/AAAAAAAAALE/4Iy1IvKJzrMWvt9A8metSj-5MttJUqdUgCLcBGAs/s200/cupom-desconto-saga-policial.png)](https://www.blogger.com/u/5/blog/post/edit/6016093249806810495/4867404438929311355#)\n\nDeixe seu comentário em caso de dúvidas e faremos o possível para te ajudar. Para mais conteúdo e dicas sigam nossas [redes sociais.](https://www.instagram.com/strong_nutrition/?hl=pt-br)",
  "description": "Tudo bem com vocês? Esse é o primeiro texto do meu quadro semanal aqui na página da Strong! Toda semana eu vou falar um pouco sobre nutrição com vocês! Meu nome é Manoela Ribeiro, sou nutricionista, especialista em Nutrição Esportiva, prescrição de Fitoterápicos e Emagrecimento. Hoje nosso tema é 5 Passos para você ter um Emagrecimento Eficiente, vamos lá ?",
  "meta_description": "Tudo bem com vocês? Esse é o primeiro texto do meu quadro semanal aqui na página da Strong! Toda semana eu vou falar um pouco sobre nutrição com vocês! Meu nome é Manoela Ribeiro, sou nutricionista, especialista em Nutrição Esportiva, prescrição de Fitoterápicos e Emagrecimento. Hoje nosso tema é 5 Passos para você ter um Emagrecimento Eficiente, vamos lá ?",
  "thumbnail": "/img/uploads/emagrecimento-plano-4-semanas-0716-1260x700.jpg"
}