{
  "date": "2020-08-14T00:02:51.142Z",
  "title": "Diga não ao Sedentarismo!",
  "meta_title": "Diga não ao Sedentarismo!",
  "meta_description": "Para não ser sedentário é necessário realizar qualquer tipo de atividade física numa frequência de 3 vezes por semana por cerca de 1 hora. Dessa forma você reduz em mais de 70% o risco de doenças crônicas como por exemplo diabetes, hipertensão, doenças ósseas e articulares, alteração de colesterol e triglicerídeos, câncer, entre outras. NÃO EXISTE REMÉDIO nenhum no mundo que faça isso, e isso é fantástico!",
  "description": "Para não ser sedentário é necessário realizar qualquer tipo de atividade física numa frequência de 3 vezes por semana por cerca de 1 hora. Dessa forma você reduz em mais de 70% o risco de doenças crônicas como por exemplo diabetes, hipertensão, doenças ósseas e articulares, alteração de colesterol e triglicerídeos, câncer, entre outras. NÃO EXISTE REMÉDIO nenhum no mundo que faça isso, e isso é fantástico!",
  "body": "Por Dra. Cacyane Naiff parceira Strong Nutrition\n\n[![](https://1.bp.blogspot.com/-wa3R6_kmGFA/XZ4_xtDTEwI/AAAAAAAAAQQ/6OJoycq3yeIF-ih2meT2biqnEgdCW0z4wCLcBGAsYHQ/s640/637.jpg)](https://www.blogger.com/u/5/blog/post/edit/6016093249806810495/588070112026520163#)\n\n> Olá meu nome é [Cacyane Naiff](https://blog.strongnutrition.com.br/p/dra-cacyane-naiff-clinica-longevita.html) e hoje eu vou falar com vocês um pouco sobre sedentarismo.\n\nPara não ser sedentário é necessário realizar qualquer tipo de atividade física numa frequência de 3 vezes por semana por cerca de 1 hora. Dessa forma você reduz em mais de 70% o risco de doenças crônicas como por exemplo diabetes, hipertensão, doenças ósseas e articulares, alteração de colesterol e triglicerídeos, câncer, entre outras. **NÃO EXISTE REMÉDIO** nenhum no mundo que faça isso, e isso é fantástico!\n\n[![](https://1.bp.blogspot.com/-oM7DtVV1n8c/XZ5CY1X8vBI/AAAAAAAAAQc/EPmQseyh1vodM1Sr8XFy7WtsvqVrF3YSwCLcBGAsYHQ/s400/Sedentarismo-CAPA.png)](https://www.blogger.com/u/5/blog/post/edit/6016093249806810495/588070112026520163#)\n\nPorém, nem sempre o que você está fazendo é a melhor opção para te ajudar a [emagrecer](https://strongnutrition.com.br/emagrecedores/). O exercício mais eficaz para emagrecer é aquele que é realizado no seu limite INDIVIDUAL máximo de intensidade. Pode ser a corrida, a bike, o funcional, a natação, a musculação, o Crossfit e outros. \n\n[![](https://1.bp.blogspot.com/-S4xPGRtDDYs/XZ5CtqwAdWI/AAAAAAAAAQk/2Se3keHyjpYhh1gGi9pDOJy1Bq2RYtW9ACLcBGAsYHQ/s400/exerc%25C3%25ADcio-intervalado-de-alta-intensidade-Treino-Hiit.jpeg)](https://www.blogger.com/u/5/blog/post/edit/6016093249806810495/588070112026520163#)\n\nQuando você deseja usar o exercício para potencializar emagrecimento a palavra da vez é Intensidade! FAÇA FORTE, FAÇA RÁPIDO! Teste seus limites. Na maioria das vezes não precisa aumentar a duração do treino, mude o estímulo.Também é interessante misturar estímulos: exercícios de ginástica no meio de exercícios de força por exemplo.\n\nE o mais importante, procure um profissional de educação física, uma academia, busque motivação, conheça seus próprios objetivos, o que você quer da vida e pra vida e não esqueça de se divertir no meio disso tudo!\n\nGostou? Deixe seu comentário!\n\nQue tal começar hoje? Tá precisando de um estímulo a mais? Clica AQUI e ganhe desconto no nosso Site! Aproveite!",
  "thumbnail": "/img/uploads/sedentarismo.jpg"
}