{
  "date": "2020-08-14T00:06:15.293Z",
  "title": "Melatonina para que serve e benefícios",
  "meta_title": "Melatonina para que serve e benefícios",
  "meta_description": "Você sabe para que serve a melatonina? Veja as suas funcionalidades e benefícios para a saúde! ",
  "description": "Você sabe para que serve a melatonina? Veja as suas funcionalidades e benefícios para a saúde! ",
  "body": "Você sabe para que serve a melatonina? Veja as suas funcionalidades e benefícios para a saúde! \n\n[![](https://1.bp.blogspot.com/-KPk3-wSru-o/XbGdAnDRyLI/AAAAAAAAAR8/8gGKC1QBatkiH0BRKKmqvXzM6Gr5PW0rgCLcBGAsYHQ/s320/melatonina%2Bpara%2Bque%2Bserve.jpg)](https://www.blogger.com/u/5/blog/post/edit/6016093249806810495/3350347336209156030#)\n\n[Melatonina ](http://lp.strongnutrition.com.br/)é um hormônio produzido naturalmente pelo corpo humano e uma de suas funções básicas é a indução ao sono. Ela está relacionada com a regulação do metabolismo ao longo do dia, o que inclui os períodos em que a pessoa está dormindo ou acordada.\n\nEm humanos, a [melatonina ](http://lp.strongnutrition.com.br/)tem sua principal função em regular o sono. Outra função atribuída à melatonina é a de antioxidante, agindo na recuperação de células epiteliais expostas a radiação ultravioleta.\n\nAlém de sua função como sincronizador do relógio biológico, a melatonina também exerce uma potente ação antioxidante. A melatonina é um antioxidante que pode atravessar as membranas celulares por isso é tão eficaz. A atividade da melatonina como antioxidante pode reduzir os danos causados por vários tipos de doenças e desempenham um papel fundamental para o aumento da longevidade.\n\n## **INDICAÇÕES DA SUPLEMENTAÇÃO COM MELATONINA**\n\nComo a [melatonina ](http://lp.strongnutrition.com.br/)é um hormônio relacionado ao ciclo do sono, hoje essa substância é indicada para quem tem dificuldade de começar a dormir, de manter o sono ou de ter um descanso de qualidade durante a noite. Isso inclui as seguintes pessoas:\n\n* Idosos, que costumam ter a melatonina mais baixa naturalmente;\n* Pessoas que trabalham em turnos noturnos e precisam dormir durante o dia;\n* Vespertinos, ou seja, pessoas que só conseguem dormir e acordar mais tarde;\n* Viajantes que precisam se recuperar do jet lag ou querem prevenir esse problema com os fusos horários;\n* Pessoas com alguns graus de cegueira, que devido à má percepção de luminosidade têm dificuldades em produzir o hormônio.\n\n## **BENEFÍCIOS DA SUPLEMENTAÇÃO COM MELATONINA**\n\nA Melatonina é exatamente um produto de síntese idêntico ao hormônio produzido naturalmente pela glândula pineal, que traz múltiplos benefícios:\n\n1. Contra a insônia: A Melatonina é o indutor do sono mais certo e melhor disponível hoje. É eficaz em uma hora em 90% dos usuários. O sono facilitado pela Melatonina é natural, correto e de melhor qualidade que o sono provocado por soníferos;\n2. Os utilizadores de Melatonina acordam sempre dispostos e bem descansados;\n3. Particularmente eficaz para acabar com os transtornos do ritmo circadiano que resultam do trabalho noturno;\n4. Neutraliza os efeitos da tensão e estresse, e reduz o declínio gradual do sistema imunológico que o acompanha;\n5. Numerosos estudos demonstram que a Melatonina protege contra o câncer e contra os efeitos da quimioterapia;\n6. Restaura o funcionamento da tiróide e aumenta a população de linfócitos T;\n7. Pesquisas mostram também que suplementos de Melatonina permitem reduzir a hipertensão, ajuda na resistência e imunidade contra os resfriados além de prevenir (resistir) grande número de doenças associadas ao envelhecimento.;\n8. Produto também muito utilizado por praticantes de Atividades Físicas, devido a conseguir um bom descanso e uma liberação gradual de hormônios bem mais eficaz;\n\nQualquer pessoa adulta saudável a partir de 18 anos de idade pode se beneficiar da melatonina.\n\nPor não conter contra-indicações, não causar dependência nem efeitos colaterais, Melatonina pode ser utilizada por praticante ou não de atividades físicas.\n\n## **Quem não deve tomar Melatonina?**\n\nEmbora não possua contra-indicações nem efeitos colaterais, a Melatonina não deve ser utilizada por mulheres grávidas nem em fase de amamentação.\n\nAtenção: devido à diminuição dos reflexos e grande sonolência durante o efeito da Melatonina, recomenda-se não dirigir nem operar maquinas ou realizar funções que requerer atenção nas seis horas seguintes ao consumo desse hormônio.\n\nMelatonina não deve também ser utilizada por pessoas que tenham sensibilidade a qualquer componente da fórmula, ou que devam eliminar este ingrediente de sua dieta.\n\n## **Melatonina possui efeitos colaterais?**\n\nA melatonina por ser natural não possui efeitos colaterais nem induz a dependência, além de não perder a eficácia ao longo do uso.\n\nNos primeiros dias de consumo da melatonina, você talvez se sinta um pouco desorientado ou confuso nas primeiras horas após acordar. Essa sensação deve desaparecer após algumas noites de uso. Se persistir, é provável que tenha que diminuir a dose, bem como se apresentar sonolência em excesso durante o dia, à dose também deve ser diminuída.\n\n## **COMO TOMAR?**\n\nTome Melatonina apenas uma vez ao dia, sendo uma capsula de 3mg uma hora antes de dormir.\n\nTodavia, vale lembrar que a dosagem e efeito da Melatonina pode variar de acordo com o organismo de cada pessoa, de modo que para alguns, apenas uma capsula seja suficiente, enquanto outras pessoas necessitem de uma dosagem maior.\n\nO aumento da dosagem deve ser gradual não excedendo a quantidade de três capsulas em cada tomada. Caso você apresente sinais de sonolência, na manhã seguinte, reduza a dose gradualmente até encontrar à medida que faz você se sentir melhor.\n\n## **Dicas e recomendações:**\n\n* Não exceder três capsulas em um período inferior a vinte e quatro horas;\n* Este produto não se destina a diagnosticar, curar, tratar ou prevenir qualquer doença;\n* Consulte sempre seu médico ou nutricionista esportivo antes de usar esse suplemento;\n* Evite dirigir, operar maquinas ou realizar funções que requer atenção nas seis horas seguintes ao consumo desse hormônio;\n\n## **ONDE COMPRAR MELATONINA?**\n\nQue tal ter uma noite melhor de sono? Você encontra [melatonina ](http://lp.strongnutrition.com.br) aqui! Clique abaixo para adquirir agora mesmo \n\n[![](https://1.bp.blogspot.com/-wJO9wYoBhDg/XbGcJ1MistI/AAAAAAAAARw/M_sCUSfv6A4P4BGFfNApm3wPlYHoX-sVgCLcBGAsYHQ/s200/botao-comprar.png)](http://lp.strongnutrition.com.br/)",
  "thumbnail": "/img/uploads/melatonina.jpg"
}