{
  "date": "2020-07-14T19:34:00.107Z",
  "title": "Quem Somos?",
  "thumbnail": "/img/uploads/quem-somos.jpeg",
  "body": "> Nosso objetivo vai muito além de apenas vender Suplementos Esportivos, queremos promover mudanças nos seus hábitos e sua forma de ver e viver a vida.\n\nQueremos ser o mais completo e confiável e-commerce de Suplementação avançada do Brasil mantendo sempre a nossa essência, fazendo não só novos clientes, mas sim novos amigos e parceiros.\n\n**Missão**\n\nOferecer aos nossos clientes produtos reconhecidamente líderes em qualidade e valor nutritivo, que contribuam para uma suplementação alimentar mais saudável e agradável, e assim, garantir a melhor experiência de compra, com atendimento individualizado porque para nós cada cliente é único! Para isso contamos com uma equipe super dedicada e comprometida com a qualidade dos produtos, sempre atenta às novidades do mercado, trazendo o que há de melhor em Nutrição Esportiva.\n\nEstamos aqui para ajudar nossos clientes a alcançar seus objetivos, através da informação, motivação e suplementação, sempre de forma personalizada, levando em conta as necessidades e desejos de cada um. A nossa satisfação é a satisfação dos nossos clientes.\n\n**Temos como missão:**\n\n• Garantir a todos os clientes excelência na prestação dos nossos serviços\n\n• Sermos éticos e honestos em todos os aspectos do nosso negócio\n\n• Oferecer produtos originais e de excelência aos nossos clientes\n\n• Garantir um rápido atendimento e envio imediato\n\n**Visão**\n\nTornar-nos uma empresa líder a nível mundial em produtos e serviços de suplementação. Ser reconhecida como uma empresa capaz de agregar resultados consistentes aos objetivos dos clientes.\n\n**Valores**\n\nFazemos o melhor para as pessoas, para o nosso ambiente e para a sociedade, mas acima de tudo, fazemos o que é certo para os nossos clientes.\n\n• Apaixonados por suplementos;\n\n• Saúde é um dos carros chefe;\n\n• Qualidade em nossos produtos e serviços;\n\n• Responsabilidade em todas as decisões;\n\n• Respeito a todos, dentro e fora da empresa;\n\n• Paixão pelo que fazemos;\n\n• Satisfação do cliente em primeiro lugar;\n\n• Melhoria contínua;\n\n• Conduta ética e transparente;\n\n• Valorizar quem nos faz crescer.\n\n[![](https://1.bp.blogspot.com/-xpJ8Z7cYK1c/XRP9ql7K0FI/AAAAAAAAAEs/voqG31s-1WwZ8VjvlFF2miwqbXLgZS4hACLcBGAs/s320/WhatsApp%2BImage%2B2019-06-21%2Bat%2B13.08.30.jpeg)](https://www.blogger.com/u/5/blog/post/edit/6016093249806810495/6343672120396111521#)",
  "meta_title": "Quem Somos",
  "meta_description": "Nosso objetivo vai muito além de apenas vender Suplementos Esportivos, queremos promover mudanças nos seus hábitos e sua forma de ver e viver a vida.",
  "description": "Nosso objetivo vai muito além de apenas vender Suplementos Esportivos, queremos promover mudanças nos seus hábitos e sua forma de ver e viver a vida."
}