{
  "date": "2020-07-15T19:33:40.793Z",
  "body": "[![](https://1.bp.blogspot.com/-JZ1aUCfKGJ8/XSSZcjW7NsI/AAAAAAAAAF8/nEC50e6rgdgQyHZJkniL7lDo8nwUP5MfgCLcBGAs/s400/FOTO%2BBLOG.jpg)](https://www.blogger.com/u/5/blog/post/edit/6016093249806810495/6158175819651653599#)\n\nO [Whey Protein](https://strongnutrition.com.br/whey-protein/) não deve substituir uma refeição principal, mas pode ser consumido no lugar de um lanche e nós amamos! Manter a dieta não é fácil não é mesmo? \n\nPor isso nós amamos receitas como essas! São práticas, muito fáceis de preparar e tem o sabor incrível! É uma forma gostosa de acrescentar o [Whey Protein ](https://strongnutrition.com.br/whey-protein/)na nossa rotina. Já conhece a Proto Whey da Nutrata?\n\nCom alto teor proteico, obtido da concentração de proteínas do soro do leite (WPC) através do moderno processo de CFM (Cross Flow Microfiltration) a [Proto Whey](https://www.strongnutrition.com.br/proto-whey-900g-nutrata) é ideal para aumentar o valor de proteínas da dieta, estimulando o ganho de massa muscular e hipertrofia. \n\nA [Proto Whey](https://www.strongnutrition.com.br/proto-whey-900g-nutrata) possui 20g de proteínas por dose, alto teor de Bcaa’s, elevada concentração de Glutamina e baixo teor de sódio. Conheça mais [AQUI](https://www.strongnutrition.com.br/proto-whey-900g-nutrata).\n\nAgora que já conhecemos, vamos para a receita da semana !\nAnota ai!\n⠀\n**📌Ingredientes:**\n\n01 xícara (chá) de farinha de aveia ou de arroz \\\n03 scoops de [Proto Whey Amendoim](https://www.strongnutrition.com.br/proto-whey-900g-nutrata) \n01 pitada de canela em pó a gosto\n01 xícara (chá) de leite de amêndoas\n02 colheres (sopa) de óleo de coco\n01 colher (sopa) de vinagre de maçã\n02 colheres (chá) de fermento químico em pó\n⠀\n**📌Modo de fazer:**\n\nEm um recipiente misture com um fouet ou garfo o leite de amêndoas com o óleo de coco e vinagre. Na sequência acrescente os ingredientes secos e por último o fermento. \n\nEm uma frigideira média untada com óleo de coco, despeje o conteúdo da massa até a altura de aproximadamente 01 cm para ficar estilo as panquecas americanas. Espere dourar e vire. Repita o processo novamente até finalizar o conteúdo da massa. Rendimento total: Seis panquecas.\n\nGostou ? Que tal garantir sua Proto Whey com 15% de desconto! [Clique aqui](https://strongnutrition.com.br/pagina/cupom-de-desconto) e ganhe 15% na sua primeira compra ! \n\nAproveite !",
  "title": "Receita da Semana!",
  "description": "O Whey Protein não deve substituir uma refeição principal, mas pode ser consumido no lugar de um lanche e nós amamos! Manter a dieta não é fácil não é mesmo? \n\nPor isso nós amamos receitas como essas! São práticas, muito fáceis de preparar e tem o sabor incrível!",
  "thumbnail": "/img/uploads/foto-blog.png",
  "meta_description": "O Whey Protein não deve substituir uma refeição principal, mas pode ser consumido no lugar de um lanche e nós amamos! Manter a dieta não é fácil não é mesmo?   Por isso nós amamos receitas como essas! São práticas, muito fáceis de preparar e tem o sabor incrível!",
  "meta_title": "Receita da Semana!"
}