{
  "date": "2020-07-24T18:55:49.668Z",
  "body": "![](https://1.bp.blogspot.com/-PFhXAioMQ04/XTsPrz0Wp2I/AAAAAAAAAHI/HmsepFtl8yE3SR3I53heEd2ZNo24lY1NACLcBGAs/s1600/FOTO%2BBLOG.jpg)\n\n**Cookies Protéicos de 3 minutos!**\n\nFim de semana começou e a gente tem que manter o foco né? Essa receita é uma ótima opção pra lanches, além de ser prática, proteica e muito gostosa! Lápis na mão, ou melhor, prepara o PRINT!\n\n**Ingredientes:**\n\n02 colheres de sopa de Pasta de Amendoim (sugestão PornFit)\n01 colher de açúcar demerara OU mascavo OU xilitol OU adoçante (a forma de adoçar fica sua preferência)\n01 scoop de [Whey Protein](https://strongnutrition.com.br/whey-protein/) sabor baunilha\nTem que ser um [Whey Protein](https://strongnutrition.com.br/whey-protein/) saboroso, assim a receita fica ainda mais gostosa, por isso a sugestão é o da [Dux Nutrition](https://strongnutrition.com.br/whey-protein-concentrado-900g-dux-nutrition)\n03 colheres de leite\n\n**Modo de preparo:**\n\nMisture a pasta de amendoim com o açúcar e o leite, depois adicione o [whey protein](https://strongnutrition.com.br/whey-protein-concentrado-900g-dux-nutrition) e mexa até ficar durinho, você vai amassar com a mão mesmo! Amasse com as mãos em formato de cookie e coloque em um prato e leve ao micro-ondas por 3 minutos.­­\n\n**Dica:** Eu coloquei pedacinhos de chocolate zero 80%  por cima e ficou maravilhoso!\n\nComo a potência dos aparelhos de micro-ondas varia, é melhor ir colocando aos poucos, por exemplo, deixe 1:30 minutos e se ainda não estiver durinho, coloque mais 1:30 minutos.\n\nÉ só isso! Muito fácil fala sério?\n\nGostou, mas tá faltando o ingrediente principal? Vem garantir seu [Whey Dux ](https://strongnutrition.com.br/whey-protein-concentrado-900g-dux-nutrition)com desconto! [CLIQUE AQUI](https://www.strongnutrition.com.br/pages/cupom-de-desconto) e ganhe um [CUPOM DE DESCONTO](https://www.strongnutrition.com.br/pages/cupom-de-desconto) e aproveite!",
  "meta_description": "Fim de semana começou e a gente tem que manter o foco né? Essa receita é uma ótima opção pra lanches, além de ser prática, proteica e muito gostosa! Lápis na mão, ou melhor, prepara o PRINT!",
  "description": "Fim de semana começou e a gente tem que manter o foco né? Essa receita é uma ótima opção pra lanches, além de ser prática, proteica e muito gostosa! Lápis na mão, ou melhor, prepara o PRINT!",
  "thumbnail": "/img/uploads/receita-da-semana2.jpg",
  "title": "Receita da Semana!",
  "meta_title": "Receita da Semana!"
}