{
  "date": "2020-08-13T23:56:18.728Z",
  "body": "por Janderson Belinato Personal Trainer, parceiro Strong Nutrition\n\n[![](https://1.bp.blogspot.com/-UmEvUw0vzx8/XWbpM-UD_uI/AAAAAAAAAOk/sXUECqw4yAo9rJi7YRwis8XHoOsmzObHACLcBGAs/s640/FOTO%2BBLOG.jpg)](https://www.blogger.com/u/5/blog/post/edit/6016093249806810495/3396292027255852741#)\n\n> Durante muito tempo acreditou se que para uma pessoa emagrecer ela teria que necessariamente fazer muita atividade aeróbica. Mas e ai? Será que esse pensamento é correto?\n\nAo longo dos anos com o aprimoramento dos estudos já se sabe que isso não é uma verdade absoluta. É claro que se uma pessoa gastar energia com treinos aeróbicos aliado a uma boa alimentação, ela vai emagrecer, mas isso não é mais um fator preponderante! Se essa pessoa praticar uma outra atividade não aeróbica com muita intensidade ela vai ter o mesmo resultado no emagrecimento.\n\n[![](https://1.bp.blogspot.com/-QILT_CMsb5w/XWbxImjUXGI/AAAAAAAAAO8/a09SS9xbSQsZDS7f_O5lw2H1B4U7r-37ACLcBGAs/s640/FOTO%2BBLOG.jpg)](https://www.blogger.com/u/5/blog/post/edit/6016093249806810495/3396292027255852741#)\n\nPor exemplo, durante um treino de musculação ou um treino de CrossFit , o indivíduo que treinar com intensidade mesmo sem fazer atividades aeróbicas porque não gosta, acha chato ou simplesmente não quer fazer, consegue emagrecer. \n\nEntão a relação entre atividades aeróbicas e emagrecimento existe, mas ela não é fundamental que aconteça! Um treino aeróbico com muito volume, ou seja, muito tempo de atividade aeróbica pode atrapalhar no seu treino de musculação, então pra quem gosta de fazer atividades aeróbicas eu planejo esse treino a parte e sugiro que meus alunos pratiquem no turno oposto ao treino de musculação.\n\nDurante o treino de musculação eu sugiro de  3 a 5 minutos de atividade aeróbica pra quem não tem esse tempo de ir duas vezes na academia, esses minutos são importantes, primeiro por melhorar nosso sistema cardio vascular que não conseguimos apenas com musculação , segundo porque é importante o aluno ter a resistência de correr 5 ou 10 minutos inclusive para atividades do dia dia como correr atras do ônibus. \n\n[![](https://1.bp.blogspot.com/-88ZYKN_6EaU/XWc7psiwWeI/AAAAAAAAAPU/fWvokGIm87giH0bmDRbLZn7s9mNsXEuSgCLcBGAs/s640/FOTO%2BBLOG.jpg)](https://www.blogger.com/u/5/blog/post/edit/6016093249806810495/3396292027255852741#)\n\nSe o seu treino tem de 40 a 60 minutos de aeróbico junto do treino de musculação , aletra vermelho! Talvez não seja um treino bem montado e ainda pode ser um dos motivos de você não esta atingindo seus objetivos!\n\nAinda não tem seu planejamento de treinos? Procure um [profissional ](https://blog.strongnutrition.com.br/p/janderson-belinato-personal-trainer.html)para te auxiliar! [Clica AQUI.](https://blog.strongnutrition.com.br/p/janderson-belinato-personal-trainer.html)\n\nDúvidas e sugestões de temas? Deixe seu cometário.",
  "description": "Durante muito tempo acreditou se que para uma pessoa emagrecer ela teria que necessariamente fazer muita atividade aeróbica. Mas e ai? Será que esse pensamento é correto?",
  "meta_title": "Relação entre Exercícios Aeróbicos e o Emagrecimento",
  "meta_description": "Durante muito tempo acreditou se que para uma pessoa emagrecer ela teria que necessariamente fazer muita atividade aeróbica. Mas e ai? Será que esse pensamento é correto?",
  "title": "Relação entre Exercícios Aeróbicos e o Emagrecimento",
  "thumbnail": "/img/uploads/exercicio-emagrecimento.jpg"
}