{
  "date": "2020-12-30T09:00:00.000Z",
  "title": "Sente muita fome? Deve ter algo errado...",
  "thumbnail": "/img/uploads/whatsapp-image-2020-12-22-at-14.50.55.jpeg",
  "description": "Se você tem dificuldades com a questão da fome no seu corpo, existe a possibilidade de algumas coisas estarem fora de ordem, muitos alimentos ou comportamentos podem estar interrompendo a saciedade e a vontade que o seu corpo tem em relação a comida, sabendo disso, escrevemos esse breve texto para auxiliar a regular seu organismo.\n\n\n",
  "body": "\n\n\n\nA primeira coisa é ter em mente que comer saudável não é passar fome! Se na sua dieta você está passando fome, observe as quantidades prescritas, provavelmente você deve estar comendo menos do que foi recomendado, ou veja com seu nutricionista o que pode ser feito para melhorar.\n\n\n\nAqui temos algumas dicas:\n\n🍒**Pouca Fibra:** aposte em frutas, legumes e verduras. Os legumes ajudam muito a dar mais saciedade.\n\n😟**Muito Estresse:** o estresse aumenta a adrenalina e o cortisol, o que pode contribuir para ganho de gordura abdominal, doenças cardiovasculares, pressão alta entre outros.\n\n🥩**Pouca Proteína:** a proteína tem função construtora, longa cadeia de aminoácidos, lenta digestão, vai te dar mais saciedade.\n\n💦 **Pouca Água:** beba água! Ela vai ajudar na hidratação das fibras, melhorar seu intestino, metabolismo, liberar toxinas.\n\n🍽**Poucas Refeições:** comer muito pouco,  pode abaixar a imunidade e aumentar a chance de  ficar doente. Além disso uma hora você pode ter o efeito rebote e sair comendo tudo o que vê pela frente, evite viver no efeito sanfona.\n\n😴**Dormir Pouco:** dormir bem diminui a fome, a irritabilidade, e ainda ajuda na regulação hormonal.\n\n⚠️**Petiscar ao longo do dia:** evite os carboidratos simples e os petiscos como barra de cereal, doces, bolachas, balinhas, ao logo do dia eles não dão saciedade. Prefira alimentos integrais e principalmente os que vem da natureza."
}