{
  "description": {
    "title": "",
    "text": ""
  },
  "links_1": {
    "list_pages": false,
    "title": "Páginas",
    "list": [
      {
        "url": "http://lp.strongnutrition.com.br/",
        "text": "O que é Melatonina?"
      },
      {
        "text": "O que é DHEA?",
        "url": "http://lp.strongnutrition.com.br/comprar-dhea/"
      },
      {
        "text": "Ganhe um Cupom",
        "url": "https://www.strongnutrition.com.br/pages/cupom-de-desconto"
      },
      {
        "text": "Parceiros",
        "url": "https://www.strongnutrition.com.br/pages/parceiros"
      },
      {
        "text": "Sobre a Strong",
        "url": "https://www.strongnutrition.com.br/pages/sobre-nos"
      },
      {
        "text": "Condições de entrega",
        "url": "https://www.strongnutrition.com.br/pages/entrega"
      },
      {
        "text": "Dúvidas frequentes",
        "url": "https://www.strongnutrition.com.br/pages/faq"
      },
      {
        "text": "Política de privacidade",
        "url": "https://www.strongnutrition.com.br/pages/privacidade"
      },
      {
        "text": "Termos de serviço",
        "url": "https://www.strongnutrition.com.br/pages/termos"
      },
      {
        "text": "Trocas e devoluções",
        "url": "https://www.strongnutrition.com.br/pages/trocas"
      }
    ]
  },
  "links_2": {
    "list_categories": false,
    "title": "Categorias",
    "list": [
      {
        "text": "Proteínas",
        "url": "https://www.strongnutrition.com.br/proteinas"
      },
      {
        "url": "https://www.strongnutrition.com.br/carboidratos",
        "text": "Carboidratos"
      },
      {
        "text": "Saúde e Bem-Estar",
        "url": "https://www.strongnutrition.com.br/saude-e-bem-estar"
      },
      {
        "text": "Emagrecedores",
        "url": "https://www.strongnutrition.com.br/emagrecedores"
      }
    ]
  },
  "contacts": {
    "title": "Contatos",
    "phone_wpp": true,
    "socials": true,
    "email": true,
    "address": true
  },
  "stamps": [
    {
      "src": "/img/uploads/ssl-safe.png",
      "alt": "Secure connection"
    }
  ],
  "payment_methods": {
    "bb": true,
    "visa": true,
    "boleto": true,
    "aura": false,
    "banrisul": false,
    "elo": true,
    "hipercard": false,
    "hsbc": false,
    "bradesco": true,
    "santander": false,
    "mastercard": true,
    "citibank": false,
    "mais": false,
    "itau": true
  },
  "credits": ""
}