{
  "marketing_stripe": {
    "text": "",
    "link": ""
  },
  "contacts_stripe": {
    "pages": [],
    "phone_wpp": false,
    "socials": false
  },
  "categories_list": {
    "featured": [
      "/objetivo?Objetivo",
      "/proteinas?Proteínas",
      "/carboidratos?Carboidratos",
      "/pre-treino?Pré-Treino",
      "/emagrecedores?Emagrecedores",
      "/saude-e-bem-estar?Saúde e Bem-estar",
      "/aminoacidos?Aminoácidos",
      "/outros?Outros"
    ],
    "random": 0,
    "full_width": true
  },
  "search_input": true
}