{
  "meta_title": "Strong Nutrition Suplementos Vitoria da Conquista",
  "meta_description": "Strong Nutrition Suplementos em Vitoria da Conquista, Bahia. Nutrição Esportiva. Suplementos de qualidade e preços imbatíveis! ",
  "sections": [
    {
      "type": "banner-slider",
      "autoplay": 9000,
      "slides": [
        {
          "img": "/img/uploads/nao-achou-new.png",
          "link": "https://api.whatsapp.com/send?phone=5577998048762&text=Oi,%20quero%20saber%20mais%20sobre%20um%20produto",
          "alt": "",
          "start": "2020-04-11T05:54:06.750Z",
          "end": "2100-03-24T17:22:00.000Z",
          "mobile_img": "/img/uploads/nao-achou-mobile.png"
        }
      ]
    },
    {
      "type": "banners-grid",
      "banners": [
        {
          "img": "/img/uploads/massa-muscular.png",
          "link": "https://www.strongnutrition.com.br/proteinas"
        },
        {
          "img": "/img/uploads/emagrecedores.png",
          "link": "https://www.strongnutrition.com.br/emagrecedores"
        },
        {
          "img": "/img/uploads/viva-mais.png",
          "link": "https://www.strongnutrition.com.br/saude-e-bem-estar"
        }
      ]
    },
    {
      "type": "collection-shelf",
      "shuffle": true,
      "sort": "offers",
      "title": "Ofertas ✌🏼"
    },
    {
      "type": "collection-shelf",
      "shuffle": true,
      "collection_id": "5f06039014ff772fde7e705f",
      "sort": null,
      "title": "Mais vendidos 👌"
    }
  ]
}